Label,StartPoint,EndPoint,Size,log_2,
empty,1,294,293,9,
.LC0,294,300,6,3,
	.ascii	"Usage,300,368,68,7,
.LC1,368,434,66,7,
.LC2,434,479,45,6,
.LC3,479,511,32,5,
.LC4,511,641,130,8,
main,641,915,274,9,
.LPIC0,915,1285,370,9,
.LPIC1,1285,1358,73,7,
.L2,1358,1636,278,9,
.L3,1636,1692,56,6,
.L4,1692,1970,278,9,
.L6,1970,2026,56,6,
.L7,2026,2048,22,5,
.LPIC2,2048,2121,73,7,
.L5,2121,2250,129,8,
.L13,2250,2902,652,10,
.L9,2902,3315,413,9,
.L11,3315,3338,23,5,
.LPIC3,3338,3411,73,7,
.L10,3411,3830,419,9,
.L8,3830,4011,181,8,
.L12,4011,4255,244,8,
.LPIC4,4255,4328,73,7,
.L14,4328,4466,138,8,
.LPIC5,4466,4627,161,8,
.LPIC6,4627,4700,73,7,
.L15,4700,4839,139,8,
.LPIC7,4839,5000,161,8,
.LPIC8,5000,5073,73,7,
.L16,5073,5148,75,7,
.L20,5148,5432,284,9,
.L18,5432,5606,174,8,
.L19,5606,6038,432,9,
.L22,6038,6382,344,9,
.L21,6382,6568,186,8,
.L17,6568,6826,258,9,
.L26,6826,6842,16,4,
.L25,6842,6848,280,9,
end,end,end,end,


LineNum,inLabel,command,JumpToLabel,jumpToAd,start_row_counter,
Label,StartPoint,EndPoint,Size,log_2,
empty,1,486,485,9,
init_search,486,706,220,8,
.LPIC0,706,779,73,7,
.L3,779,799,20,5,
.LPIC1,799,848,49,6,
.LPIC2,848,980,132,8,
.L2,980,1066,86,7,
.L5,1066,1087,21,5,
.LPIC3,1087,1289,202,8,
.LPIC4,1289,1390,101,7,
.L4,1390,1411,21,5,
.LPIC5,1411,1501,90,7,
.LPIC6,1501,1627,126,7,
.L7,1627,1642,15,4,
.L6,1642,1953,311,9,
strsearch,1953,2134,181,8,
.LPIC7,2134,2244,110,7,
.L12,2244,2266,22,5,
.L10,2266,2408,142,8,
.LPIC8,2408,2476,68,7,
.L11,2476,2519,43,6,
.LPIC9,2519,2570,51,6,
.LPIC10,2570,2709,139,8,
.LPIC11,2709,2853,144,8,
.L13,2853,2876,23,5,
.L9,2876,2934,58,6,
.L14,2934,3017,83,7,
.L17,3017,3033,16,4,
.L16,3033,3214,181,8,
.LC108,3214,3247,33,6,
.LC109,3247,3284,37,6,
.LC110,3284,3338,54,6,
.LC111,3338,3380,42,6,
.LC0,3380,3414,34,6,
.LC1,3414,3448,34,6,
.LC2,3448,3482,34,6,
.LC3,3482,3515,33,6,
.LC4,3515,3549,34,6,
.LC5,3549,3583,34,6,
.LC6,3583,3617,34,6,
.LC7,3617,3650,33,6,
.LC8,3650,3683,33,6,
.LC9,3683,3716,33,6,
.LC10,3716,3749,33,6,
.LC11,3749,3786,37,6,
.LC12,3786,3821,35,6,
.LC13,3821,3856,35,6,
.LC14,3856,3894,38,6,
.LC15,3894,3930,36,6,
.LC16,3930,3966,36,6,
.LC17,3966,4004,38,6,
.LC18,4004,4039,35,6,
.LC19,4039,4075,36,6,
.LC20,4075,4114,39,6,
.LC21,4114,4152,38,6,
.LC22,4152,4188,36,6,
.LC23,4188,4224,36,6,
.LC24,4224,4260,36,6,
.LC25,4260,4299,39,6,
.LC26,4299,4336,37,6,
.LC27,4336,4374,38,6,
.LC28,4374,4413,39,6,
.LC29,4413,4454,41,6,
.LC30,4454,4491,37,6,
.LC31,4491,4529,38,6,
.LC32,4529,4565,36,6,
.LC33,4565,4603,38,6,
.LC34,4603,4642,39,6,
.LC35,4642,4677,35,6,
.LC36,4677,4715,38,6,
.LC37,4715,4752,37,6,
.LC38,4752,4788,36,6,
.LC39,4788,4826,38,6,
.LC40,4826,4865,39,6,
.LC41,4865,4908,43,6,
.LC42,4908,4945,37,6,
.LC43,4945,4983,38,6,
.LC44,4983,5027,44,6,
.LC45,5027,5062,35,6,
.LC46,5062,5100,38,6,
.LC47,5100,5136,36,6,
.LC48,5136,5173,37,6,
.LC49,5173,5211,38,6,
.LC50,5211,5251,40,6,
.LC51,5251,5292,41,6,
.LC52,5292,5345,53,6,
.LC106,5345,6120,775,10,
.LC54,6120,6158,38,6,
.LC55,6158,6194,36,6,
.LC56,6194,6239,45,6,
.LC57,6239,6285,46,6,
.LC58,6285,6322,37,6,
.LC59,6322,6360,38,6,
.LC60,6360,6393,33,6,
.LC61,6393,6464,71,7,
.LC62,6464,6518,54,6,
.LC63,6518,6586,68,7,
.LC64,6586,6648,62,6,
.LC65,6648,6712,64,6,
.LC66,6712,6770,58,6,
.LC67,6770,6836,66,7,
.LC68,6836,6894,58,6,
.LC69,6894,6960,66,7,
.LC70,6960,7024,64,6,
.LC71,7024,7097,73,7,
.LC72,7097,7149,52,6,
.LC73,7149,7213,64,6,
.LC74,7213,7279,66,7,
.LC75,7279,7347,68,7,
.LC76,7347,7409,62,6,
.LC77,7409,7480,71,7,
.LC78,7480,7540,60,6,
.LC79,7540,7606,66,7,
.LC80,7606,7670,64,6,
.LC81,7670,7737,67,7,
.LC82,7737,7798,61,6,
.LC83,7798,7864,66,7,
.LC84,7864,7928,64,6,
.LC85,7928,7995,67,7,
.LC86,7995,8057,62,6,
.LC87,8057,8116,59,6,
.LC88,8116,8188,72,7,
.LC89,8188,8255,67,7,
.LC90,8255,8329,74,7,
.LC91,8329,8396,67,7,
.LC92,8396,8467,71,7,
.LC93,8467,8537,70,7,
.LC94,8537,8610,73,7,
.LC95,8610,8680,70,7,
.LC96,8680,8752,72,7,
.LC97,8752,8813,61,6,
.LC98,8813,8886,73,7,
.LC99,8886,8955,69,7,
.LC100,8955,9028,73,7,
.LC101,9028,9093,65,7,
.LC102,9093,9167,74,7,
.LC103,9167,9233,66,7,
.LC104,9233,9284,51,6,
.LC107,9284,10145,861,10,
main,10145,10305,160,8,
.LPIC12,10305,10410,105,7,
.LPIC13,10410,10549,139,8,
.LPIC14,10549,10684,135,8,
.L23,10684,11119,435,9,
.LPIC15,11119,11160,41,6,
.L20,11160,11183,23,5,
.LPIC16,11183,11216,33,6,
.L21,11216,11319,103,7,
.LPIC17,11319,11457,138,8,
.LPIC18,11457,11506,49,6,
.L22,11506,11612,106,7,
.L19,11612,11879,267,9,
.L25,11879,11950,71,7,
.L27,11950,11966,16,4,
.L26,11966,11972,253,8,
end,end,end,end,


LineNum,inLabel,command,JumpToLabel,jumpToAd,start_row_counter,
Label,StartPoint,EndPoint,Size,log_2,
empty,1,363,362,9,
sha_transform,363,559,196,8,
.LPIC0,559,697,138,8,
.L3,697,981,284,9,
.L2,981,1089,108,7,
.L5,1089,1653,564,10,
.L4,1653,2158,505,9,
.L7,2158,3035,877,10,
.L6,3035,3143,108,7,
.L9,3143,3959,816,10,
.L8,3959,4068,109,7,
.L11,4068,4981,913,10,
.L10,4981,5092,111,7,
.L13,5092,5909,817,10,
.L12,5909,6810,901,10,
.L14,6810,6877,67,7,
.L16,6877,6893,16,4,
.L15,6893,7102,209,8,
byte_reverse,7102,7292,190,8,
.LPIC1,7292,7500,208,8,
.L19,7500,8261,761,10,
.L18,8261,8441,180,8,
.L20,8441,8504,63,6,
.L22,8504,8520,16,4,
.L21,8520,8741,221,8,
sha_init,8741,9583,842,10,
sha_update,9583,10022,439,9,
.L25,10022,10291,269,9,
.L27,10291,10629,338,9,
.L26,10629,10982,353,9,
sha_final,10982,11875,893,10,
.L29,11875,12029,154,8,
.L30,12029,12477,448,9,
sha_stream,12477,12756,279,9,
.LPIC2,12756,12949,193,8,
.L33,12949,13106,157,8,
.L32,13106,13587,481,9,
.L34,13587,13673,86,7,
.L36,13673,13689,16,4,
.L35,13689,13825,136,8,
.LC0,13825,13997,172,8,
sha_print,13997,14407,410,9,
.LPIC3,14407,14509,102,7,
.L39,14509,14525,16,4,
.L38,14525,14531,59,6,
end,end,end,end,


LineNum,inLabel,command,JumpToLabel,jumpToAd,start_row_counter,
Label,StartPoint,EndPoint,Size,log_2,
empty,1,297,296,9,
.LC0,297,303,6,3,
	.ascii	"Usage,303,373,70,7,
.LC1,373,379,6,3,
	.ascii	"-s ,379,433,54,6,
.LC2,433,439,6,3,
	.ascii	"-e ,439,479,40,6,
.LC3,479,485,6,3,
	.ascii	"-c ,485,531,46,6,
.LC4,531,638,107,7,
.LC5,638,644,6,3,
	.ascii	"-t <thresh> ,644,738,94,7,
.LC6,738,744,6,3,
	.ascii	"-d <thresh> ,744,896,152,8,
.LC7,896,902,6,3,
	.ascii	"-3 ,902,974,72,7,
.LC8,974,980,6,3,
	.ascii	"-n ,980,1093,113,7,
.LC9,1093,1099,6,3,
	.ascii	"-q ,1099,1255,156,8,
.LC10,1255,1262,7,3,
	.ascii	"-b ,1262,1415,153,8,
.LC11,1415,1422,7,3,
	.ascii	"-p ,1422,1547,125,7,
.LC12,1547,1768,221,8,
usage,1768,1900,132,8,
.LPIC0,1900,1961,61,6,
.LPIC1,1961,2022,61,6,
.LPIC2,2022,2084,62,6,
.LPIC3,2084,2146,62,6,
.LPIC4,2146,2208,62,6,
.LPIC5,2208,2270,62,6,
.LPIC6,2270,2332,62,6,
.LPIC7,2332,2394,62,6,
.LPIC8,2394,2456,62,6,
.LPIC9,2456,2518,62,6,
.LPIC10,2518,2581,63,6,
.LPIC11,2581,2644,63,6,
.LPIC12,2644,2718,74,7,
.L3,2718,2733,15,4,
.L2,2733,3093,360,9,
.LC13,3093,3127,34,6,
.LC14,3127,3289,162,8,
getint,3289,3520,231,8,
.LPIC13,3520,3755,235,8,
.L9,3755,3946,191,8,
.L5,3946,4087,141,8,
.LPIC14,4087,4125,38,6,
.LPIC15,4125,4202,77,7,
.L6,4202,4350,148,8,
.L7,4350,4478,128,7,
.L17,4478,4551,73,7,
.L13,4551,5012,461,9,
.L10,5012,5170,158,8,
.L12,5170,5225,55,6,
.L14,5225,5389,164,8,
.L15,5389,5479,90,7,
.L19,5479,5495,16,4,
.L18,5495,5693,198,8,
.LC15,5693,5726,33,6,
.LC16,5726,5783,57,6,
.LC17,5783,5860,77,7,
.LC18,5860,6027,167,8,
get_image,6027,6257,230,8,
.LPIC16,6257,6362,105,7,
.LPIC17,6362,6574,212,8,
.LPIC18,6574,6651,77,7,
.L21,6651,6939,288,9,
.L22,6939,7030,91,7,
.LPIC19,7030,7107,77,7,
.L23,7107,7767,660,10,
.LPIC20,7767,7844,77,7,
.L24,7844,8006,162,8,
.L25,8006,8074,68,7,
.L27,8074,8090,16,4,
.L26,8090,8344,254,8,
.LC19,8344,8377,33,6,
.LC20,8377,8434,57,6,
.LC21,8434,8472,38,6,
.LC22,8472,8513,41,6,
.LC23,8513,8552,39,6,
.LC24,8552,8717,165,8,
put_image,8717,8945,228,8,
.LPIC22,8945,8982,37,6,
.LPIC21,8982,9193,211,8,
.LPIC23,9193,9270,77,7,
.L29,9270,9338,68,7,
.LPIC24,9338,9424,86,7,
.LPIC25,9424,9543,119,7,
.LPIC26,9543,9824,281,9,
.LPIC27,9824,9901,77,7,
.L30,9901,10020,119,7,
.L32,10020,10036,16,4,
.L31,10036,10421,385,9,
int_to_uchar,10421,10764,343,9,
.L37,10764,11000,236,8,
.L35,11000,11236,236,8,
.L36,11236,11297,61,6,
.L34,11297,11476,179,8,
.L39,11476,11862,386,9,
.L38,11862,12170,308,9,
setup_brightness_lut,12170,12589,419,9,
.L43,12589,13046,457,9,
.L42,13046,13486,440,9,
.L41,13486,13597,111,7,
.L45,13597,13613,16,4,
.L44,13613,13821,208,8,
susan_principle,13821,14207,386,9,
.L51,14207,14253,46,6,
.L50,14253,23815,9562,14,
.L49,23815,23876,61,6,
.L48,23876,24014,138,8,
.L47,24014,24348,334,9,
susan_principle_small,24348,24769,421,9,
.L57,24769,24815,46,6,
.L56,24815,27525,2710,12,
.L55,27525,27586,61,6,
.L54,27586,27724,138,8,
.L53,27724,28040,316,9,
median,28040,28261,221,8,
.LPIC28,28261,29977,1716,11,
.L63,29977,30023,46,6,
.L62,30023,30674,651,10,
.L61,30674,30735,61,6,
.L60,30735,30872,137,8,
.L59,30872,31164,292,9,
.L65,31164,31227,63,6,
.L67,31227,31243,16,4,
.L66,31243,31451,208,8,
enlarge,31451,31699,248,8,
.L70,31699,32173,474,9,
.L69,32173,32288,115,7,
.L72,32288,33299,1011,10,
.L71,33299,33405,106,7,
.L76,33405,33451,46,6,
.L75,33451,34682,1231,11,
.L74,34682,34864,182,8,
.L73,34864,35333,469,9,
.LC25,35333,35432,99,7,
.LC26,35432,35536,104,7,
.LC27,35536,35543,7,3,
	.ascii	"as a float,35543,35608,65,7,
.LC28,35608,35838,230,8,
susan_smoothing,35838,36381,543,10,
.L78,36381,36419,38,6,
.L79,36419,36676,257,9,
.LPIC29,36676,36743,67,7,
.LPIC30,36743,36808,65,7,
.LPIC31,36808,36882,74,7,
.L80,36882,37075,193,8,
.L82,37075,37155,80,7,
.LPIC32,37155,37219,64,6,
.L83,37219,38084,865,10,
.L88,38084,38149,65,7,
.L87,38149,38698,549,10,
.L86,38698,38819,121,7,
.L85,38819,38931,112,7,
.L98,38931,38983,52,6,
.L97,38983,39628,645,10,
.L94,39628,39693,65,7,
.L93,39693,40280,587,10,
.L92,40280,40474,194,8,
.L91,40474,40850,376,9,
.L95,40850,41119,269,9,
.L96,41119,41180,61,6,
.L90,41180,41337,157,8,
.L89,41337,41447,110,7,
.L84,41447,41494,47,6,
.L105,41494,41542,48,6,
.L109,41542,41559,17,5,
.L108,41559,41693,134,8,
.L104,41693,46251,4558,13,
.L102,46251,46501,250,8,
.L103,46501,46563,62,6,
.L101,46563,46703,140,8,
.L100,46703,46787,84,7,
.L107,46787,47014,227,8,
edge_draw,47014,47374,360,9,
.L114,47374,48434,1060,11,
.L113,48434,48551,117,7,
.L112,48551,48648,97,7,
.L111,48648,48733,85,7,
.L117,48733,48945,212,8,
.L116,48945,49062,117,7,
.L115,49062,49387,325,9,
susan_thin,49387,49621,234,8,
.LPIC33,49621,49753,132,8,
.L154,49753,49801,48,6,
.L153,49801,51926,2125,12,
.L122,51926,54532,2606,12,
.L124,54532,55196,664,10,
.L126,55196,55865,669,10,
.L127,55865,56517,652,10,
.L128,56517,57169,652,10,
.L129,57169,57838,669,10,
.L130,57838,58502,664,10,
.L131,58502,59162,660,10,
.L125,59162,59242,80,7,
.L136,59242,59290,48,6,
.L135,59290,59774,484,9,
.L134,59774,59836,62,6,
.L133,59836,59940,104,7,
.L132,59940,60485,545,10,
.L137,60485,60931,446,9,
.L138,60931,61286,355,9,
.L139,61286,61367,81,7,
.L123,61367,62950,1583,11,
.L143,62950,63030,80,7,
.L142,63030,63152,122,7,
.L146,63152,63223,71,7,
.L145,63223,64457,1234,11,
.L149,64457,65269,812,10,
.L150,65269,65681,412,9,
.L159,65681,65698,17,5,
.L158,65698,65812,114,7,
.L141,65812,69894,4082,12,
.L151,69894,69984,90,7,
.L157,69984,69996,12,4,
.L140,69996,73387,3391,12,
.L152,73387,73468,81,7,
.L121,73468,73530,62,6,
.L120,73530,73669,139,8,
.L119,73669,73882,213,8,
.L155,73882,73951,69,7,
.L161,73951,73968,17,5,
.L160,73968,74152,184,8,
susan_edges,74152,74536,384,9,
.L167,74536,74584,48,6,
.L166,74584,84154,9570,14,
.L165,84154,84216,62,6,
.L164,84216,84356,140,8,
.L163,84356,84482,126,7,
.L197,84482,84530,48,6,
.L196,84530,99124,14594,14,
.L174,99124,99303,179,8,
.L175,99303,99495,192,8,
.L205,99495,99534,39,6,
.L178,99534,99715,181,8,
.L206,99715,99896,181,8,
.L207,99896,100018,122,7,
.L184,100018,100089,71,7,
.L181,100089,101404,1315,11,
.L204,101404,101452,48,6,
.L211,101452,101469,17,5,
.L210,101469,101512,43,6,
.L171,101512,101551,39,6,
.L187,101551,117761,16210,14,
.L188,117761,117940,179,8,
.L189,117940,118121,181,8,
.L208,118121,118302,181,8,
.L209,118302,118424,122,7,
.L195,118424,118495,71,7,
.L192,118495,119801,1306,11,
.L170,119801,119863,62,6,
.L169,119863,120003,140,8,
.L168,120003,120323,320,9,
susan_edges_small,120323,120747,424,9,
.L217,120747,120795,48,6,
.L216,120795,123513,2718,12,
.L215,123513,123575,62,6,
.L214,123575,123715,140,8,
.L213,123715,123841,126,7,
.L247,123841,123889,48,6,
.L246,123889,128083,4194,13,
.L224,128083,128262,179,8,
.L225,128262,128454,192,8,
.L255,128454,128493,39,6,
.L228,128493,128674,181,8,
.L256,128674,128855,181,8,
.L257,128855,128977,122,7,
.L234,128977,129048,71,7,
.L231,129048,129761,713,10,
.L254,129761,129809,48,6,
.L221,129809,129848,39,6,
.L237,129848,133248,3400,12,
.L238,133248,133427,179,8,
.L239,133427,133608,181,8,
.L261,133608,133625,17,5,
.L260,133625,133668,43,6,
.L258,133668,133849,181,8,
.L259,133849,133971,122,7,
.L245,133971,134042,71,7,
.L242,134042,134746,704,10,
.L220,134746,134808,62,6,
.L219,134808,134948,140,8,
.L218,134948,135268,320,9,
corner_draw,135268,135551,283,9,
.L265,135551,136840,1289,11,
.L264,136840,137263,423,9,
.L263,137263,137541,278,9,
.LC29,137541,137710,169,8,
susan_corners,137710,137948,238,8,
.LPIC34,137948,138400,452,9,
.L291,138400,138448,48,6,
.L290,138448,163043,24595,15,
.L310,163043,163060,17,5,
.L309,163060,163108,48,6,
.L303,163108,163226,118,7,
.L273,163226,163825,599,10,
.L304,163825,163967,142,8,
.L276,163967,164633,666,10,
.L305,164633,164798,165,8,
.L279,164798,165230,432,9,
.L270,165230,165907,677,10,
.L306,165907,166025,118,7,
.L283,166025,166641,616,10,
.L307,166641,166783,142,8,
.L286,166783,167477,694,10,
.L308,167477,167642,165,8,
.L289,167642,167895,253,8,
.L280,167895,168666,771,10,
.L269,168666,168728,62,6,
.L268,168728,168868,140,8,
.L267,168868,169026,158,8,
.L296,169026,169074,48,6,
.L295,169074,182016,12942,14,
.LPIC35,182016,182080,64,6,
.L294,182080,182142,62,6,
.L293,182142,182282,140,8,
.L292,182282,182630,348,9,
.L312,182630,182647,17,5,
.L311,182647,182867,220,8,
susan_corners_quick,182867,183111,244,8,
.LPIC36,183111,183303,192,8,
.L318,183303,183351,48,6,
.L317,183351,193923,10572,14,
.L316,193923,193985,62,6,
.L315,193985,194125,140,8,
.L314,194125,194283,158,8,
.L323,194283,194331,48,6,
.L325,194331,194348,17,5,
.L324,194348,194396,48,6,
.L322,194396,220848,26452,15,
.LPIC37,220848,220912,64,6,
.L321,220912,220974,62,6,
.L320,220974,221114,140,8,
.L319,221114,221396,282,9,
.L327,221396,221413,17,5,
.L326,221413,221542,129,8,
.LC30,221542,221598,56,6,
.LC31,221598,221752,154,8,
main,221752,222049,297,9,
.LPIC38,222049,223009,960,10,
.L329,223009,223243,234,8,
.L349,223243,223888,645,10,
.L334,223888,225293,1405,11,
.L342,225293,225375,82,7,
.L338,225375,225457,82,7,
.L336,225457,225539,82,7,
.L340,225539,225620,81,7,
.L339,225620,225702,82,7,
.L335,225702,225784,82,7,
.L333,225784,225865,81,7,
.L341,225865,225946,81,7,
.L337,225946,226219,273,9,
.LPIC39,226219,226293,74,7,
.L344,226293,226694,401,9,
.L368,226694,226775,81,7,
.L343,226775,227049,274,9,
.LPIC40,227049,227123,74,7,
.L347,227123,227374,251,8,
.L331,227374,227396,22,5,
.L348,227396,227524,128,7,
.L330,227524,227876,352,9,
.L350,227876,228558,682,10,
.L352,228558,229490,932,10,
.L356,229490,229893,403,9,
.L357,229893,230157,264,9,
.L355,230157,231148,991,10,
.L359,231148,231618,470,9,
.L360,231618,231931,313,9,
.L361,231931,232256,325,9,
.L353,232256,233354,1098,11,
.L362,233354,233901,547,10,
.L364,233901,234358,457,9,
.L365,234358,234584,226,8,
.L369,234584,234596,12,4,
.L351,234596,235041,445,9,
.L367,235041,235140,99,7,
.L371,235140,235157,17,5,
.L370,235157,235164,148,8,
end,end,end,end,


LineNum,inLabel,command,JumpToLabel,jumpToAd,start_row_counter,
Label,StartPoint,EndPoint,Size,log_2,
sha_transform,363,559,196,8,
.LPIC0,559,697,138,8,
.L3,697,981,284,9,
.L2,981,1089,108,7,
.L5,1089,1653,564,10,
.L4,1653,2158,505,9,
.L7,2158,3035,877,10,
.L6,3035,3143,108,7,
.L9,3143,3959,816,10,
.L8,3959,4068,109,7,
.L11,4068,4981,913,10,
.L10,4981,5092,111,7,
.L13,5092,5909,817,10,
.L12,5909,6810,901,10,
.L14,6810,6877,67,7,
.L16,6877,6893,16,4,
.L15,6893,7102,209,8,
byte_reverse,7102,7292,190,8,
.LPIC1,7292,7500,208,8,
.L19,7500,8261,761,10,
.L18,8261,8441,180,8,
.L20,8441,8504,63,6,
.L22,8504,8520,16,4,
.L21,8520,8741,221,8,
sha_init,8741,9583,842,10,
sha_update,9583,10022,439,9,
.L25,10022,10291,269,9,
.L27,10291,10629,338,9,
.L26,10629,10982,353,9,
sha_final,10982,11875,893,10,
.L29,11875,12029,154,8,
.L30,12029,12477,448,9,
sha_stream,12477,12756,279,9,
.LPIC2,12756,12949,193,8,
.L33,12949,13106,157,8,
.L32,13106,13587,481,9,
.L34,13587,13673,86,7,
.L36,13673,13689,16,4,
.L35,13689,13825,136,8,
.LC0,13825,13997,172,8,
sha_print,13997,14407,410,9,
.LPIC3,14407,14509,102,7,
.L39,14509,14525,16,4,
.L38,14525,14531,59,6,
end,end,end,end,


LineNum,inLabel,command,JumpToLabel,jumpToAd,start_row_counter,
Label,StartPoint,EndPoint,Size,log_2,
empty,1,363,362,9,
sha_transform,363,559,196,8,
.LPIC0,559,697,138,8,
.L3,697,981,284,9,
.L2,981,1089,108,7,
.L5,1089,1653,564,10,
.L4,1653,2158,505,9,
.L7,2158,3035,877,10,
.L6,3035,3143,108,7,
.L9,3143,3959,816,10,
.L8,3959,4068,109,7,
.L11,4068,4981,913,10,
.L10,4981,5092,111,7,
.L13,5092,5909,817,10,
.L12,5909,6810,901,10,
.L14,6810,6877,67,7,
.L16,6877,6893,16,4,
.L15,6893,7102,209,8,
byte_reverse,7102,7292,190,8,
.LPIC1,7292,7500,208,8,
.L19,7500,8261,761,10,
.L18,8261,8441,180,8,
.L20,8441,8504,63,6,
.L22,8504,8520,16,4,
.L21,8520,8741,221,8,
sha_init,8741,9583,842,10,
sha_update,9583,10022,439,9,
.L25,10022,10291,269,9,
.L27,10291,10629,338,9,
.L26,10629,10982,353,9,
sha_final,10982,11875,893,10,
.L29,11875,12029,154,8,
.L30,12029,12477,448,9,
sha_stream,12477,12756,279,9,
.LPIC2,12756,12949,193,8,
.L33,12949,13106,157,8,
.L32,13106,13587,481,9,
.L34,13587,13673,86,7,
.L36,13673,13689,16,4,
.L35,13689,13825,136,8,
.LC0,13825,13997,172,8,
sha_print,13997,14407,410,9,
.LPIC3,14407,14509,102,7,
.L39,14509,14525,16,4,
.L38,14525,14531,59,6,
end,end,end,end,


LineNum,inLabel,command,JumpToLabel,jumpToAd,start_row_counter,
Label,StartPoint,EndPoint,Size,log_2,
empty,1,363,362,9,
sha_transform,363,559,196,8,
.LPIC0,559,697,138,8,
.L3,697,981,284,9,
.L2,981,1089,108,7,
.L5,1089,1653,564,10,
.L4,1653,2158,505,9,
.L7,2158,3035,877,10,
.L6,3035,3143,108,7,
.L9,3143,3959,816,10,
.L8,3959,4068,109,7,
.L11,4068,4981,913,10,
.L10,4981,5092,111,7,
.L13,5092,5909,817,10,
.L12,5909,6810,901,10,
.L14,6810,6877,67,7,
.L16,6877,6893,16,4,
.L15,6893,7102,209,8,
byte_reverse,7102,7292,190,8,
.LPIC1,7292,7500,208,8,
.L19,7500,8261,761,10,
.L18,8261,8441,180,8,
.L20,8441,8504,63,6,
.L22,8504,8520,16,4,
.L21,8520,8741,221,8,
sha_init,8741,9583,842,10,
sha_update,9583,10022,439,9,
.L25,10022,10291,269,9,
.L27,10291,10629,338,9,
.L26,10629,10982,353,9,
sha_final,10982,11875,893,10,
.L29,11875,12029,154,8,
.L30,12029,12477,448,9,
sha_stream,12477,12756,279,9,
.LPIC2,12756,12949,193,8,
.L33,12949,13106,157,8,
.L32,13106,13587,481,9,
.L34,13587,13673,86,7,
.L36,13673,13689,16,4,
.L35,13689,13825,136,8,
.LC0,13825,13997,172,8,
sha_print,13997,14407,410,9,
.LPIC3,14407,14509,102,7,
.L39,14509,14525,16,4,
.L38,14525,14531,59,6,
end,end,end,end,


LineNum,inLabel,command,JumpToLabel,jumpToAd,start_row_counter,
Label,StartPoint,EndPoint,Size,log_2,
empty,1,363,362,9,
sha_transform,363,559,196,8,
.LPIC0,559,697,138,8,
.L3,697,981,284,9,
.L2,981,1089,108,7,
.L5,1089,1653,564,10,
.L4,1653,2158,505,9,
.L7,2158,3035,877,10,
.L6,3035,3143,108,7,
.L9,3143,3959,816,10,
.L8,3959,4068,109,7,
.L11,4068,4981,913,10,
.L10,4981,5092,111,7,
.L13,5092,5909,817,10,
.L12,5909,6810,901,10,
.L14,6810,6877,67,7,
.L16,6877,6893,16,4,
.L15,6893,7102,209,8,
byte_reverse,7102,7292,190,8,
.LPIC1,7292,7500,208,8,
.L19,7500,8261,761,10,
.L18,8261,8441,180,8,
.L20,8441,8504,63,6,
.L22,8504,8520,16,4,
.L21,8520,8741,221,8,
sha_init,8741,9583,842,10,
sha_update,9583,10022,439,9,
.L25,10022,10291,269,9,
.L27,10291,10629,338,9,
.L26,10629,10982,353,9,
sha_final,10982,11875,893,10,
.L29,11875,12029,154,8,
.L30,12029,12477,448,9,
sha_stream,12477,12756,279,9,
.LPIC2,12756,12949,193,8,
.L33,12949,13106,157,8,
.L32,13106,13587,481,9,
.L34,13587,13673,86,7,
.L36,13673,13689,16,4,
.L35,13689,13825,136,8,
.LC0,13825,13997,172,8,
sha_print,13997,14407,410,9,
.LPIC3,14407,14509,102,7,
.L39,14509,14525,16,4,
.L38,14525,14531,59,6,
end,end,end,end,


LineNum,inLabel,command,JumpToLabel,jumpToAd,start_row_counter,
Label,StartPoint,EndPoint,Size,log_2,
empty,1,363,362,9,
sha_transform,363,559,196,8,
.LPIC0,559,697,138,8,
.L3,697,981,284,9,
.L2,981,1089,108,7,
.L5,1089,1653,564,10,
.L4,1653,2158,505,9,
.L7,2158,3035,877,10,
.L6,3035,3143,108,7,
.L9,3143,3959,816,10,
.L8,3959,4068,109,7,
.L11,4068,4981,913,10,
.L10,4981,5092,111,7,
.L13,5092,5909,817,10,
.L12,5909,6810,901,10,
.L14,6810,6877,67,7,
.L16,6877,6893,16,4,
.L15,6893,7102,209,8,
byte_reverse,7102,7292,190,8,
.LPIC1,7292,7500,208,8,
.L19,7500,8261,761,10,
.L18,8261,8441,180,8,
.L20,8441,8504,63,6,
.L22,8504,8520,16,4,
.L21,8520,8741,221,8,
sha_init,8741,9583,842,10,
sha_update,9583,10022,439,9,
.L25,10022,10291,269,9,
.L27,10291,10629,338,9,
.L26,10629,10982,353,9,
sha_final,10982,11875,893,10,
.L29,11875,12029,154,8,
.L30,12029,12477,448,9,
sha_stream,12477,12756,279,9,
.LPIC2,12756,12949,193,8,
.L33,12949,13106,157,8,
.L32,13106,13587,481,9,
.L34,13587,13673,86,7,
.L36,13673,13689,16,4,
.L35,13689,13825,136,8,
.LC0,13825,13997,172,8,
sha_print,13997,14407,410,9,
.LPIC3,14407,14509,102,7,
.L39,14509,14525,16,4,
.L38,14525,14531,59,6,
end,end,end,end,


LineNum,inLabel,command,JumpToLabel,jumpToAd,start_row_counter,
Label,StartPoint,EndPoint,Size,log_2,
empty,1,363,362,9,
sha_transform,363,559,196,8,
.LPIC0,559,697,138,8,
.L3,697,981,284,9,
.L2,981,1089,108,7,
.L5,1089,1653,564,10,
.L4,1653,2158,505,9,
.L7,2158,3035,877,10,
.L6,3035,3143,108,7,
.L9,3143,3959,816,10,
.L8,3959,4068,109,7,
.L11,4068,4981,913,10,
.L10,4981,5092,111,7,
.L13,5092,5909,817,10,
.L12,5909,6810,901,10,
.L14,6810,6877,67,7,
.L16,6877,6893,16,4,
.L15,6893,7102,209,8,
byte_reverse,7102,7292,190,8,
.LPIC1,7292,7500,208,8,
.L19,7500,8261,761,10,
.L18,8261,8441,180,8,
.L20,8441,8504,63,6,
.L22,8504,8520,16,4,
.L21,8520,8741,221,8,
sha_init,8741,9583,842,10,
sha_update,9583,10022,439,9,
.L25,10022,10291,269,9,
.L27,10291,10629,338,9,
.L26,10629,10982,353,9,
sha_final,10982,11875,893,10,
.L29,11875,12029,154,8,
.L30,12029,12477,448,9,
sha_stream,12477,12756,279,9,
.LPIC2,12756,12949,193,8,
.L33,12949,13106,157,8,
.L32,13106,13587,481,9,
.L34,13587,13673,86,7,
.L36,13673,13689,16,4,
.L35,13689,13825,136,8,
.LC0,13825,13997,172,8,
sha_print,13997,14407,410,9,
.LPIC3,14407,14509,102,7,
.L39,14509,14525,16,4,
.L38,14525,14531,59,6,
end,end,end,end,


LineNum,inLabel,command,JumpToLabel,jumpToAd,start_row_counter,
