num,startBy,endBy,next,start,xEnd,size,hexSig,hexUpdate
1,sha_transform,.LPIC0,2,1,8,112,629D,0000
2,.LPIC0,b->.L2,5,8,20,192,1EF6,0000
3,.L3,split,4,20,32,192,6275,0000
4,,.L2,5,32,43,176,2455,3AA3
5,.L2,ble->.L3,3,43,48,80,A0A4,0000
6,ble->.L3,b->.L4,11,48,53,80,8B56,0000
7,.L5,split,8,53,67,224,638D,0000
8,,split,9,67,81,224,5E32,0000
9,,split,10,81,95,224,A463,0000
10,,.L4,11,95,106,176,7688,FDDE
11,.L4,ble->.L5,7,106,111,80,CA19,0000
12,ble->.L5,split,13,111,123,192,C6EF,0000
13,,split,14,123,135,192,410F,0000
14,,b->.L6,20,135,146,176,C51E,0000
15,.L7,split,16,146,162,256,30A1,0000
16,,split,17,162,178,256,F70D,0000
17,,split,18,178,194,256,7F87,0000
18,,split,19,194,210,256,A07E,0000
19,,.L6,20,210,225,240,0D0C,C812
20,.L6,ble->.L7,15,225,230,80,43A9,0000
21,ble->.L7,b->.L8,27,230,235,80,0DBB,0000
22,.L9,split,23,235,250,240,BD1E,0000
23,,split,24,250,265,240,EA56,0000
24,,split,25,265,280,240,939E,0000
25,,split,26,280,295,240,C679,0000
26,,.L8,27,295,309,224,43C8,4E73
27,.L8,ble->.L9,22,309,314,80,EE6B,0000
28,ble->.L9,b->.L10,35,314,319,80,C76E,0000
29,.L11,split,30,319,333,224,6A33,0000
30,,split,31,333,347,224,751B,0000
31,,split,32,347,361,224,FC53,0000
32,,split,33,361,375,224,E35A,0000
33,,split,34,375,389,224,180E,0000
34,,.L10,35,389,401,192,F32F,3441
35,.L10,ble->.L11,29,401,406,80,FB40,0000
36,ble->.L11,b->.L12,42,406,411,80,40D5,0000
37,.L13,split,38,411,426,240,1855,0000
38,,split,39,426,441,240,A711,0000
39,,split,40,441,456,240,FA2B,0000
40,,split,41,456,471,240,00F1,0000
41,,.L12,42,471,485,224,B2D2,F207
42,.L12,ble->.L13,37,485,490,80,EE28,0000
43,ble->.L13,split,44,490,505,240,BA5B,0000
44,,split,45,505,520,240,D22C,0000
45,,split,46,520,535,240,C1D0,0000
46,,beq->.L14,48,535,547,192,DFFA,1680
47,beq->.L14,.L14,48,547,548,16,C97A,0000
48,.L14,.L16,NaN,548,551,48,EAA3,0000
