num,startBy,start_row,strart_row_op,start_location,endBy,end_row,end_row_op,end_location,have_con_branch?,next1,next1_location,num_of_asm_rows,long,rows_to_mul,size
1,sha_transform,1,1,378,.LPIC0,7,10,567,False,2,567,6,3,9,144,
2,.LPIC0,7,10,567,b->.L2,16,22,697,False,4,986,9,3,12,192,
3,.L3,16,22,702,.L2,33,50,986,False,4,986,17,11,28,448,
4,.L2,33,50,986,ble->.L3,37,56,1038,True,3,702,4,2,6,96,
5,ble->.L3,37,56,1038,b->.L4,41,62,1089,False,7,1658,4,2,6,96,
6,.L5,41,62,1094,.L4,73,116,1658,False,7,1658,32,22,54,864,
7,.L4,73,116,1658,ble->.L5,77,122,1710,True,6,1094,4,2,6,96,
8,ble->.L5,77,122,1710,b->.L6,106,167,2158,False,10,3040,29,16,45,720,
9,.L7,106,167,2163,.L6,161,248,3040,False,10,3040,55,26,81,1296,
10,.L6,161,248,3040,ble->.L7,165,254,3092,True,9,2163,4,2,6,96,
11,ble->.L7,165,254,3092,b->.L8,169,260,3143,False,13,3964,4,2,6,96,
12,.L9,169,260,3148,.L8,220,336,3964,False,13,3964,51,25,76,1216,
13,.L8,220,336,3964,ble->.L9,224,342,4016,True,12,3148,4,2,6,96,
14,ble->.L9,224,342,4016,b->.L10,228,348,4068,False,16,4987,4,2,6,96,
15,.L11,228,348,4074,.L10,285,432,4987,False,16,4987,57,27,84,1344,
16,.L10,285,432,4987,ble->.L11,289,438,5040,True,15,4074,4,2,6,96,
17,ble->.L11,289,438,5040,b->.L12,293,444,5092,False,19,5915,4,2,6,96,
18,.L13,293,444,5098,.L12,344,520,5915,False,19,5915,51,25,76,1216,
19,.L12,344,520,5915,ble->.L13,348,526,5968,True,18,5098,4,2,6,96,
20,ble->.L13,348,526,5968,beq->.L14,400,602,6784,True,22,6816,52,24,76,1216,
21,beq->.L14,400,602,6784,.L14,401,603,6816,False,22,6816,1,0,1,16,
22,.L14,401,603,6816,.L16,404,607,6883,False,end,6883,3,1,4,64,
23,byte_reverse,404,607,7116,.LPIC1,410,616,7300,False,24,7300,6,3,9,144,
24,.LPIC1,410,616,7300,b->.L18,423,635,7500,False,26,8267,13,6,19,304,
25,.L19,423,635,7506,.L18,448,688,8267,False,26,8267,25,28,53,848,
26,.L18,448,688,8267,blt->.L19,452,693,8321,False,25,7506,4,1,5,80,
27,blt->.L19,452,693,8321,beq->.L20,459,701,8415,True,29,8447,7,1,8,128,
28,beq->.L20,459,701,8415,.L20,460,702,8447,False,29,8447,1,0,1,16,
29,.L20,460,702,8447,.L22,463,706,8510,False,end,8510,3,1,4,64,
30,sha_init,463,706,8751,bx->lr,498,766,9442,False,end,end\error,35,25,60,960,
31,sha_update,498,766,9595,bcs->.L25,513,792,9929,False,33,10028,15,11,26,416,
32,bcs->.L25,513,792,9929,.L25,518,802,10028,False,33,10028,5,5,10,160,
33,.L25,518,802,10028,b->.L26,533,829,10291,False,38,10635,15,12,27,432,
34,.L27,533,829,10297,bl->memcpy(PLT),539,839,10394,False,end,end\error,6,4,10,160,
40,bl->memcpy(PLT),561,839,10777,sha_final,565,844,10993,False,41,10993,4,1,5,80,
49,bl->byte_reverse(PLT),627,844,12119,bl->sha_transform(PLT),635,859,12272,False,end,end\error,8,7,15,240,
50,bl->sha_transform(PLT),635,859,12272,sha_stream,639,864,12489,False,51,12489,4,1,5,80,
38,.L26,552,864,10635,bgt->.L27,555,869,10676,False,34,10297,3,2,5,80,
39,bgt->.L27,555,869,10676,bl->memcpy(PLT),561,879,10777,False,end,end\error,6,4,10,160,
41,sha_final,565,879,10993,ble->.L29,590,925,11503,True,47,11881,25,21,46,736,
42,ble->.L29,590,925,11503,bl->memset(PLT),599,940,11651,False,end,end\error,9,6,15,240,
47,.L29,613,940,11881,bl->memset(PLT),622,955,12029,False,end,end\error,9,6,15,240,
48,.L30,622,955,12035,bl->byte_reverse(PLT),627,963,12119,False,end,end\error,5,3,8,128,
51,sha_stream,639,963,12489,.LPIC2,650,981,12764,False,52,12764,11,7,18,288,
52,.LPIC2,650,981,12764,bl->sha_init(PLT),661,996,12941,False,end,end\error,11,4,15,240,
53,bl->sha_init(PLT),661,996,12941,b->.L32,662,997,12949,False,55,13112,1,0,1,16,
54,.L33,662,997,12955,bl->sha_update(PLT),671,1012,13106,False,end,end\error,9,6,15,240,
55,.L32,671,1012,13112,bl->fread(PLT),679,1026,13238,False,end,end\error,8,6,14,224,
56,bl->fread(PLT),679,1026,13238,bgt->.L33,688,1040,13368,False,54,12955,9,5,14,224,
57,bgt->.L33,688,1040,13368,bl->sha_final(PLT),692,1046,13436,False,end,end\error,4,2,6,96,
58,bl->sha_final(PLT),692,1046,13436,beq->.L34,701,1057,13561,True,60,13593,9,2,11,176,
59,beq->.L34,701,1057,13561,.L34,702,1058,13593,False,60,13593,1,0,1,16,
60,.L34,702,1058,13593,.L36,706,1064,13679,False,end,13679,4,2,6,96,
61,sha_print,706,1064,14008,.LPIC3,725,1096,14415,False,62,14415,19,13,32,512,
62,.LPIC3,725,1096,14415,.L39,731,1103,14515,False,end,14515,6,1,7,112,
num,startBy,start_row,strart_row_op,start_location,endBy,end_row,end_row_op,end_location,have_con_branch?,next1,next1_location,num_of_asm_rows,long,rows_to_mul,size
1,sha_transform,1,1,378,.LPIC0,7,10,567,False,2,567,6,3,9,144,
2,.LPIC0,7,10,567,b->.L2,16,22,697,False,4,986,9,3,12,192,
3.1,.L3,16,22,702,.L2,25,36,848,False,4,986,9,11,14,224,
4,.L2,33,50,986,ble->.L3,37,56,1038,True,3,702,4,2,6,96,
5,ble->.L3,37,56,1038,b->.L4,41,62,1089,False,7,1658,4,2,6,96,
6.1,.L5,41,62,1094,.L4,49,76,1230,False,7,1658,8,22,14,224,
7,.L4,73,116,1658,ble->.L5,77,122,1710,True,6,1094,4,2,6,96,
8.1,ble->.L5,77,122,1710,b->.L6,87,137,1866,False,10,3040,10,16,15,240,
9.1,.L7,106,167,2163,.L6,115,181,2307,False,10,3040,9,26,14,224,
10,.L6,161,248,3040,ble->.L7,165,254,3092,True,9,2163,4,2,6,96,
11,ble->.L7,165,254,3092,b->.L8,169,260,3143,False,13,3964,4,2,6,96,
12.1,.L9,169,260,3148,.L8,180,276,3323,False,13,3964,11,25,16,256,
13,.L8,220,336,3964,ble->.L9,224,342,4016,True,12,3148,4,2,6,96,
14,ble->.L9,224,342,4016,b->.L10,228,348,4068,False,16,4987,4,2,6,96,
15.1,.L11,228,348,4074,.L10,237,362,4218,False,16,4987,9,27,14,224,
16,.L10,285,432,4987,ble->.L11,289,438,5040,True,15,4074,4,2,6,96,
17,ble->.L11,289,438,5040,b->.L12,293,444,5092,False,19,5915,4,2,6,96,
18.1,.L13,293,444,5098,.L12,304,460,5273,False,19,5915,11,25,16,256,
19,.L12,344,520,5915,ble->.L13,348,526,5968,True,18,5098,4,2,6,96,
20.1,ble->.L13,348,526,5968,beq->.L14,360,542,6154,True,22,6816,12,24,16,256,
21,beq->.L14,400,602,6784,.L14,401,603,6816,False,22,6816,1,0,1,16,
22,.L14,401,603,6816,.L16,404,607,6883,False,end,6883,3,1,4,64,
23,byte_reverse,404,607,7116,.LPIC1,410,616,7300,False,24,7300,6,3,9,144,
24.1,.LPIC1,410,616,7300,b->.L18,418,626,7424,False,26,8267,8,6,10,160,
25.1,.L19,423,635,7506,.L18,431,649,7713,False,26,8267,8,28,14,224,
26,.L18,448,688,8267,blt->.L19,452,693,8321,False,25,7506,4,1,5,80,
27,blt->.L19,452,693,8321,beq->.L20,459,701,8415,True,29,8447,7,1,8,128,
28,beq->.L20,459,701,8415,.L20,460,702,8447,False,29,8447,1,0,1,16,
29,.L20,460,702,8447,.L22,463,706,8510,False,end,8510,3,1,4,64,
30.1,sha_init,463,706,8751,bx->lr,473,721,8978,False,end,end\error,10,25,15,240,
31.1,sha_update,498,766,9595,bcs->.L25,506,779,9780,False,33,10028,8,11,13,208,
32,bcs->.L25,513,792,9929,.L25,518,802,10028,False,33,10028,5,5,10,160,
33.1,.L25,518,802,10028,b->.L26,526,816,10174,False,38,10635,8,12,14,224,
34,.L27,533,829,10297,bl->memcpy(PLT),539,839,10394,False,end,end\error,6,4,10,160,
40,bl->memcpy(PLT),561,839,10777,sha_final,565,844,10993,False,41,10993,4,1,5,80,
49,bl->byte_reverse(PLT),627,844,12119,bl->sha_transform(PLT),635,859,12272,False,end,end\error,8,7,15,240,
50,bl->sha_transform(PLT),635,859,12272,sha_stream,639,864,12489,False,51,12489,4,1,5,80,
38,.L26,552,864,10635,bgt->.L27,555,869,10676,False,34,10297,3,2,5,80,
39,bgt->.L27,555,869,10676,bl->memcpy(PLT),561,879,10777,False,end,end\error,6,4,10,160,
41.1,sha_final,565,879,10993,ble->.L29,575,895,11215,True,47,11881,10,21,16,256,
42,ble->.L29,590,925,11503,bl->memset(PLT),599,940,11651,False,end,end\error,9,6,15,240,
47,.L29,613,940,11881,bl->memset(PLT),622,955,12029,False,end,end\error,9,6,15,240,
48,.L30,622,955,12035,bl->byte_reverse(PLT),627,963,12119,False,end,end\error,5,3,8,128,
51.1,sha_stream,639,963,12489,.LPIC2,645,972,12644,False,52,12764,6,7,9,144,
52,.LPIC2,650,981,12764,bl->sha_init(PLT),661,996,12941,False,end,end\error,11,4,15,240,
53,bl->sha_init(PLT),661,996,12941,b->.L32,662,997,12949,False,55,13112,1,0,1,16,
54,.L33,662,997,12955,bl->sha_update(PLT),671,1012,13106,False,end,end\error,9,6,15,240,
55,.L32,671,1012,13112,bl->fread(PLT),679,1026,13238,False,end,end\error,8,6,14,224,
56,bl->fread(PLT),679,1026,13238,bgt->.L33,688,1040,13368,False,54,12955,9,5,14,224,
57,bgt->.L33,688,1040,13368,bl->sha_final(PLT),692,1046,13436,False,end,end\error,4,2,6,96,
58,bl->sha_final(PLT),692,1046,13436,beq->.L34,701,1057,13561,True,60,13593,9,2,11,176,
59,beq->.L34,701,1057,13561,.L34,702,1058,13593,False,60,13593,1,0,1,16,
60,.L34,702,1058,13593,.L36,706,1064,13679,False,end,13679,4,2,6,96,
61.1,sha_print,706,1064,14008,.LPIC3,716,1080,14227,False,62,14415,10,13,16,256,
62,.LPIC3,725,1096,14415,.L39,731,1103,14515,False,end,14515,6,1,7,112,
3.2, ,25,36,848, ,34,50,986,False,0,0,9,0,14,224,
6.199999999999999, ,49,76,1230, ,57,90,1380,False,0,0,8,0,14,224,
6.299999999999999, ,57,90,1380, ,66,104,1536,False,0,0,9,0,14,224,
6.399999999999999, ,66,104,1536, ,74,116,1658,False,0,0,8,0,12,192,
8.2, ,87,137,1866, ,96,152,2013,False,0,0,9,0,15,240,
8.299999999999999, ,96,152,2013, ,106,167,2158,False,0,0,10,0,15,240,
9.2, ,115,181,2307, ,126,195,2479,False,0,0,11,0,14,224,
9.299999999999999, ,126,195,2479, ,136,209,2649,False,0,0,10,0,14,224,
9.399999999999999, ,136,209,2649, ,145,223,2790,False,0,0,9,0,14,224,
9.499999999999998, ,145,223,2790, ,154,237,2930,False,0,0,9,0,14,224,
9.599999999999998, ,154,237,2930, ,162,248,3040,False,0,0,8,0,11,176,
12.2, ,180,276,3323, ,191,292,3510,False,0,0,11,0,16,256,
12.299999999999999, ,191,292,3510, ,203,308,3697,False,0,0,12,0,16,256,
12.399999999999999, ,203,308,3697, ,213,324,3854,False,0,0,10,0,16,256,
12.499999999999998, ,213,324,3854, ,222,336,3980,False,0,0,9,0,12,192,
15.2, ,237,362,4218, ,248,376,4392,False,0,0,11,0,14,224,
15.299999999999999, ,248,376,4392, ,257,390,4548,False,0,0,9,0,14,224,
15.399999999999999, ,257,390,4548, ,267,404,4702,False,0,0,10,0,14,224,
15.499999999999998, ,267,404,4702, ,276,418,4842,False,0,0,9,0,14,224,
15.599999999999998, ,276,418,4842, ,285,432,4981,False,0,0,9,0,14,224,
18.200000000000003, ,304,460,5273, ,315,476,5460,False,0,0,11,0,16,256,
18.300000000000004, ,315,476,5460, ,327,492,5647,False,0,0,12,0,16,256,
18.400000000000006, ,327,492,5647, ,337,508,5804,False,0,0,10,0,16,256,
18.500000000000007, ,337,508,5804, ,346,520,5931,False,0,0,9,0,12,192,
20.200000000000003, ,360,542,6154, ,370,558,6316,False,0,0,10,0,16,256,
20.300000000000004, ,370,558,6316, ,381,574,6492,False,0,0,11,0,16,256,
20.400000000000006, ,381,574,6492, ,391,590,6656,False,0,0,10,0,16,256,
20.500000000000007, ,391,590,6656, ,401,602,6810,False,0,0,10,0,12,192,
24.200000000000003, ,418,626,7424, ,423,635,7500,False,0,0,5,0,9,144,
25.200000000000003, ,431,649,7713, ,439,663,7902,False,0,0,8,0,14,224,
25.300000000000004, ,439,663,7902, ,447,677,8082,False,0,0,8,0,14,224,
25.400000000000006, ,447,677,8082, ,453,688,8208,False,0,0,6,0,11,176,
30.200000000000003, ,473,721,8978, ,482,736,9130,False,0,0,9,0,15,240,
30.300000000000004, ,482,736,9130, ,491,751,9287,False,0,0,9,0,15,240,
30.400000000000006, ,491,751,9287, ,500,766,9417,False,0,0,9,0,15,240,
31.200000000000003, ,506,779,9780, ,513,792,9907,False,0,0,7,0,13,208,
33.2, ,526,816,10174, ,534,829,10297,False,0,0,8,0,13,208,
41.2, ,575,895,11215, ,583,911,11360,False,0,0,8,0,16,256,
41.300000000000004, ,583,911,11360, ,591,925,11493,False,0,0,8,0,14,224,
51.2, ,645,972,12644, ,650,981,12728,False,0,0,5,0,9,144,
61.2, ,716,1080,14227, ,725,1096,14381,False,0,0,9,0,16,256,
num,startBy,start_row,strart_row_op,start_location,endBy,end_row,end_row_op,end_location,have_con_branch?,next1,next1_location,num_of_asm_rows,long,rows_to_mul,size
1,sha_transform,1,1,378,.LPIC0,7,7,567,False,2,567,6,0,6,96,
2,.LPIC0,7,7,567,b->.L2,16,16,697,False,4,986,9,0,9,144,
3,.L3,16,16,702,.L2,33,33,986,False,4,986,17,0,17,272,
4,.L2,33,33,986,ble->.L3,37,37,1038,True,3,702,4,0,4,64,
5,ble->.L3,37,37,1038,b->.L4,41,41,1089,False,7,1658,4,0,4,64,
6,.L5,41,41,1094,.L4,73,73,1658,False,7,1658,32,0,32,512,
7,.L4,73,73,1658,ble->.L5,77,77,1710,True,6,1094,4,0,4,64,
8,ble->.L5,77,77,1710,b->.L6,106,106,2158,False,10,3040,29,0,29,464,
9,.L7,106,106,2163,.L6,161,161,3040,False,10,3040,55,0,55,880,
10,.L6,161,161,3040,ble->.L7,165,165,3092,True,9,2163,4,0,4,64,
11,ble->.L7,165,165,3092,b->.L8,169,169,3143,False,13,3964,4,0,4,64,
12,.L9,169,169,3148,.L8,220,220,3964,False,13,3964,51,0,51,816,
13,.L8,220,220,3964,ble->.L9,224,224,4016,True,12,3148,4,0,4,64,
14,ble->.L9,224,224,4016,b->.L10,228,228,4068,False,16,4987,4,0,4,64,
15,.L11,228,228,4074,.L10,285,285,4987,False,16,4987,57,0,57,912,
16,.L10,285,285,4987,ble->.L11,289,289,5040,True,15,4074,4,0,4,64,
17,ble->.L11,289,289,5040,b->.L12,293,293,5092,False,19,5915,4,0,4,64,
18,.L13,293,293,5098,.L12,344,344,5915,False,19,5915,51,0,51,816,
19,.L12,344,344,5915,ble->.L13,348,348,5968,True,18,5098,4,0,4,64,
20,ble->.L13,348,348,5968,beq->.L14,400,400,6784,True,22,6816,52,0,52,832,
21,beq->.L14,400,400,6784,.L14,401,401,6816,False,22,6816,1,0,1,16,
22,.L14,401,401,6816,.L16,404,404,6883,False,end,6883,3,0,3,48,
23,byte_reverse,404,404,7116,.LPIC1,410,410,7300,False,24,7300,6,0,6,96,
24,.LPIC1,410,410,7300,b->.L18,423,423,7500,False,26,8267,13,0,13,208,
25,.L19,423,423,7506,.L18,448,448,8267,False,26,8267,25,0,25,400,
26,.L18,448,448,8267,blt->.L19,452,452,8321,False,25,7506,4,0,4,64,
27,blt->.L19,452,452,8321,beq->.L20,459,459,8415,True,29,8447,7,0,7,112,
28,beq->.L20,459,459,8415,.L20,460,460,8447,False,29,8447,1,0,1,16,
29,.L20,460,460,8447,.L22,463,463,8510,False,end,8510,3,0,3,48,
30,sha_init,463,463,8751,bx->lr,498,498,9442,False,end,end\error,35,0,35,560,
31,sha_update,498,498,9595,bcs->.L25,513,513,9929,False,33,10028,15,0,15,240,
32,bcs->.L25,513,513,9929,.L25,518,518,10028,False,33,10028,5,0,5,80,
33,.L25,518,518,10028,b->.L26,533,533,10291,False,38,10635,15,0,15,240,
34,.L27,533,533,10297,bl->memcpy(PLT),539,539,10394,False,end,end\error,6,0,6,96,
40,bl->memcpy(PLT),561,539,10777,sha_final,565,543,10993,False,41,10993,4,0,4,64,
49,bl->byte_reverse(PLT),627,543,12119,bl->sha_transform(PLT),635,551,12272,False,end,end\error,8,0,8,128,
50,bl->sha_transform(PLT),635,551,12272,sha_stream,639,555,12489,False,51,12489,4,0,4,64,
38,.L26,552,555,10635,bgt->.L27,555,558,10676,False,34,10297,3,0,3,48,
39,bgt->.L27,555,558,10676,bl->memcpy(PLT),561,564,10777,False,end,end\error,6,0,6,96,
41,sha_final,565,564,10993,ble->.L29,590,589,11503,True,47,11881,25,0,25,400,
42,ble->.L29,590,589,11503,bl->memset(PLT),599,598,11651,False,end,end\error,9,0,9,144,
47,.L29,613,598,11881,bl->memset(PLT),622,607,12029,False,end,end\error,9,0,9,144,
48,.L30,622,607,12035,bl->byte_reverse(PLT),627,612,12119,False,end,end\error,5,0,5,80,
51,sha_stream,639,612,12489,.LPIC2,650,623,12764,False,52,12764,11,0,11,176,
52,.LPIC2,650,623,12764,bl->sha_init(PLT),661,634,12941,False,end,end\error,11,0,11,176,
53,bl->sha_init(PLT),661,634,12941,b->.L32,662,635,12949,False,55,13112,1,0,1,16,
54,.L33,662,635,12955,bl->sha_update(PLT),671,644,13106,False,end,end\error,9,0,9,144,
55,.L32,671,644,13112,bl->fread(PLT),679,652,13238,False,end,end\error,8,0,8,128,
56,bl->fread(PLT),679,652,13238,bgt->.L33,688,661,13368,False,54,12955,9,0,9,144,
57,bgt->.L33,688,661,13368,bl->sha_final(PLT),692,665,13436,False,end,end\error,4,0,4,64,
58,bl->sha_final(PLT),692,665,13436,beq->.L34,701,674,13561,True,60,13593,9,0,9,144,
59,beq->.L34,701,674,13561,.L34,702,675,13593,False,60,13593,1,0,1,16,
60,.L34,702,675,13593,.L36,706,679,13679,False,end,13679,4,0,4,64,
61,sha_print,706,679,14008,.LPIC3,725,698,14415,False,62,14415,19,0,19,304,
62,.LPIC3,725,698,14415,.L39,731,704,14515,False,end,14515,6,0,6,96,
num,startBy,start_row,strart_row_op,start_location,endBy,end_row,end_row_op,end_location,have_con_branch?,next1,next1_location,num_of_asm_rows,long,rows_to_mul,size
1,sha_transform,1,1,378,.LPIC0,7,7,567,False,2,567,6,0,6,96,
2,.LPIC0,7,7,567,b->.L2,16,16,697,False,4,986,9,0,9,144,
3.1,.L3,16,16,702,.L2,25,25,848,False,4,986,9,0,9,144,
4,.L2,33,33,986,ble->.L3,37,37,1038,True,3,702,4,0,4,64,
5,ble->.L3,37,37,1038,b->.L4,41,41,1089,False,7,1658,4,0,4,64,
6.1,.L5,41,41,1094,.L4,57,57,1380,False,7,1658,16,0,16,256,
7,.L4,73,73,1658,ble->.L5,77,77,1710,True,6,1094,4,0,4,64,
8.1,ble->.L5,77,77,1710,b->.L6,92,92,1946,False,10,3040,15,0,15,240,
9.1,.L7,106,106,2163,.L6,120,120,2382,False,10,3040,14,0,14,224,
10,.L6,161,161,3040,ble->.L7,165,165,3092,True,9,2163,4,0,4,64,
11,ble->.L7,165,165,3092,b->.L8,169,169,3143,False,13,3964,4,0,4,64,
12.1,.L9,169,169,3148,.L8,182,182,3356,False,13,3964,13,0,13,208,
13,.L8,220,220,3964,ble->.L9,224,224,4016,True,12,3148,4,0,4,64,
14,ble->.L9,224,224,4016,b->.L10,228,228,4068,False,16,4987,4,0,4,64,
15.1,.L11,228,228,4074,.L10,243,243,4311,False,16,4987,15,0,15,240,
16,.L10,285,285,4987,ble->.L11,289,289,5040,True,15,4074,4,0,4,64,
17,ble->.L11,289,289,5040,b->.L12,293,293,5092,False,19,5915,4,0,4,64,
18.1,.L13,293,293,5098,.L12,306,306,5306,False,19,5915,13,0,13,208,
19,.L12,344,344,5915,ble->.L13,348,348,5968,True,18,5098,4,0,4,64,
20.1,ble->.L13,348,348,5968,beq->.L14,361,361,6171,True,22,6816,13,0,13,208,
21,beq->.L14,400,400,6784,.L14,401,401,6816,False,22,6816,1,0,1,16,
22,.L14,401,401,6816,.L16,404,404,6883,False,end,6883,3,0,3,48,
23,byte_reverse,404,404,7116,.LPIC1,410,410,7300,False,24,7300,6,0,6,96,
24,.LPIC1,410,410,7300,b->.L18,423,423,7500,False,26,8267,13,0,13,208,
25.1,.L19,423,423,7506,.L18,436,436,7849,False,26,8267,13,0,13,208,
26,.L18,448,448,8267,blt->.L19,452,452,8321,False,25,7506,4,0,4,64,
27,blt->.L19,452,452,8321,beq->.L20,459,459,8415,True,29,8447,7,0,7,112,
28,beq->.L20,459,459,8415,.L20,460,460,8447,False,29,8447,1,0,1,16,
29,.L20,460,460,8447,.L22,463,463,8510,False,end,8510,3,0,3,48,
30.1,sha_init,463,463,8751,bx->lr,475,475,9010,False,end,end\error,12,0,12,192,
31,sha_update,498,498,9595,bcs->.L25,513,513,9929,False,33,10028,15,0,15,240,
32,bcs->.L25,513,513,9929,.L25,518,518,10028,False,33,10028,5,0,5,80,
33,.L25,518,518,10028,b->.L26,533,533,10291,False,38,10635,15,0,15,240,
34,.L27,533,533,10297,bl->memcpy(PLT),539,539,10394,False,end,end\error,6,0,6,96,
40,bl->memcpy(PLT),561,539,10777,sha_final,565,543,10993,False,41,10993,4,0,4,64,
49,bl->byte_reverse(PLT),627,543,12119,bl->sha_transform(PLT),635,551,12272,False,end,end\error,8,0,8,128,
50,bl->sha_transform(PLT),635,551,12272,sha_stream,639,555,12489,False,51,12489,4,0,4,64,
38,.L26,552,555,10635,bgt->.L27,555,558,10676,False,34,10297,3,0,3,48,
39,bgt->.L27,555,558,10676,bl->memcpy(PLT),561,564,10777,False,end,end\error,6,0,6,96,
41.1,sha_final,565,564,10993,ble->.L29,578,577,11272,True,47,11881,13,0,13,208,
42,ble->.L29,590,589,11503,bl->memset(PLT),599,598,11651,False,end,end\error,9,0,9,144,
47,.L29,613,598,11881,bl->memset(PLT),622,607,12029,False,end,end\error,9,0,9,144,
48,.L30,622,607,12035,bl->byte_reverse(PLT),627,612,12119,False,end,end\error,5,0,5,80,
51,sha_stream,639,612,12489,.LPIC2,650,623,12764,False,52,12764,11,0,11,176,
52,.LPIC2,650,623,12764,bl->sha_init(PLT),661,634,12941,False,end,end\error,11,0,11,176,
53,bl->sha_init(PLT),661,634,12941,b->.L32,662,635,12949,False,55,13112,1,0,1,16,
54,.L33,662,635,12955,bl->sha_update(PLT),671,644,13106,False,end,end\error,9,0,9,144,
55,.L32,671,644,13112,bl->fread(PLT),679,652,13238,False,end,end\error,8,0,8,128,
56,bl->fread(PLT),679,652,13238,bgt->.L33,688,661,13368,False,54,12955,9,0,9,144,
57,bgt->.L33,688,661,13368,bl->sha_final(PLT),692,665,13436,False,end,end\error,4,0,4,64,
58,bl->sha_final(PLT),692,665,13436,beq->.L34,701,674,13561,True,60,13593,9,0,9,144,
59,beq->.L34,701,674,13561,.L34,702,675,13593,False,60,13593,1,0,1,16,
60,.L34,702,675,13593,.L36,706,679,13679,False,end,13679,4,0,4,64,
61.1,sha_print,706,679,14008,.LPIC3,716,689,14227,False,62,14415,10,0,10,160,
62,.LPIC3,725,698,14415,.L39,731,704,14515,False,end,14515,6,0,6,96,
3.2, ,25,25,848, ,33,33,981,False,0,0,8,0,8,128,
6.199999999999999, ,57,57,1380, ,73,73,1653,False,0,0,16,0,16,256,
8.2, ,92,92,1946, ,106,106,2158,False,0,0,14,0,14,224,
9.2, ,120,120,2382, ,134,134,2618,False,0,0,14,0,14,224,
9.299999999999999, ,134,134,2618, ,148,148,2834,False,0,0,14,0,14,224,
9.399999999999999, ,148,148,2834, ,161,161,3035,False,0,0,13,0,13,208,
12.2, ,182,182,3356, ,195,195,3573,False,0,0,13,0,13,208,
12.299999999999999, ,195,195,3573, ,208,208,3775,False,0,0,13,0,13,208,
12.399999999999999, ,208,208,3775, ,220,220,3959,False,0,0,12,0,12,192,
15.2, ,243,243,4311, ,258,258,4564,False,0,0,15,0,15,240,
15.299999999999999, ,258,258,4564, ,273,273,4797,False,0,0,15,0,15,240,
15.399999999999999, ,273,273,4797, ,285,285,4981,False,0,0,12,0,12,192,
18.200000000000003, ,306,306,5306, ,319,319,5523,False,0,0,13,0,13,208,
18.300000000000004, ,319,319,5523, ,332,332,5725,False,0,0,13,0,13,208,
18.400000000000006, ,332,332,5725, ,344,344,5909,False,0,0,12,0,12,192,
20.200000000000003, ,361,361,6171, ,374,374,6377,False,0,0,13,0,13,208,
20.300000000000004, ,374,374,6377, ,387,387,6592,False,0,0,13,0,13,208,
20.400000000000006, ,387,387,6592, ,400,400,6784,False,0,0,13,0,13,208,
25.200000000000003, ,436,436,7849, ,448,448,8099,False,0,0,12,0,12,192,
30.200000000000003, ,475,475,9010, ,487,487,9217,False,0,0,12,0,12,192,
30.300000000000004, ,487,487,9217, ,498,498,9392,False,0,0,11,0,11,176,
41.2, ,578,577,11272, ,590,589,11480,False,0,0,12,0,12,192,
61.2, ,716,689,14227, ,725,698,14381,False,0,0,9,0,9,144,
num,startBy,start_row,strart_row_op,start_location,endBy,end_row,end_row_op,end_location,have_con_branch?,next1,next1_location,num_of_asm_rows,long,rows_to_mul,size
1,sha_transform,1,1,378,.LPIC0,7,7,567,False,2,567,6,0,6,96,
2,.LPIC0,7,7,567,b->.L2,16,16,697,False,4,986,9,0,9,144,
3,.L3,16,16,702,.L2,33,33,986,False,4,986,17,0,17,272,
4,.L2,33,33,986,ble->.L3,37,37,1038,True,3,702,4,0,4,64,
5,ble->.L3,37,37,1038,b->.L4,41,41,1089,False,7,1658,4,0,4,64,
6,.L5,41,41,1094,.L4,73,73,1658,False,7,1658,32,0,32,512,
7,.L4,73,73,1658,ble->.L5,77,77,1710,True,6,1094,4,0,4,64,
8,ble->.L5,77,77,1710,b->.L6,106,106,2158,False,10,3040,29,0,29,464,
9,.L7,106,106,2163,.L6,161,161,3040,False,10,3040,55,0,55,880,
10,.L6,161,161,3040,ble->.L7,165,165,3092,True,9,2163,4,0,4,64,
11,ble->.L7,165,165,3092,b->.L8,169,169,3143,False,13,3964,4,0,4,64,
12,.L9,169,169,3148,.L8,220,220,3964,False,13,3964,51,0,51,816,
13,.L8,220,220,3964,ble->.L9,224,224,4016,True,12,3148,4,0,4,64,
14,ble->.L9,224,224,4016,b->.L10,228,228,4068,False,16,4987,4,0,4,64,
15,.L11,228,228,4074,.L10,285,285,4987,False,16,4987,57,0,57,912,
16,.L10,285,285,4987,ble->.L11,289,289,5040,True,15,4074,4,0,4,64,
17,ble->.L11,289,289,5040,b->.L12,293,293,5092,False,19,5915,4,0,4,64,
18,.L13,293,293,5098,.L12,344,344,5915,False,19,5915,51,0,51,816,
19,.L12,344,344,5915,ble->.L13,348,348,5968,True,18,5098,4,0,4,64,
20,ble->.L13,348,348,5968,beq->.L14,400,400,6784,True,22,6816,52,0,52,832,
21,beq->.L14,400,400,6784,.L14,401,401,6816,False,22,6816,1,0,1,16,
22,.L14,401,401,6816,.L16,404,404,6883,False,end,6883,3,0,3,48,
23,byte_reverse,404,404,7116,.LPIC1,410,410,7300,False,24,7300,6,0,6,96,
24,.LPIC1,410,410,7300,b->.L18,423,423,7500,False,26,8267,13,0,13,208,
25,.L19,423,423,7506,.L18,448,448,8267,False,26,8267,25,0,25,400,
26,.L18,448,448,8267,blt->.L19,452,452,8321,False,25,7506,4,0,4,64,
27,blt->.L19,452,452,8321,beq->.L20,459,459,8415,True,29,8447,7,0,7,112,
28,beq->.L20,459,459,8415,.L20,460,460,8447,False,29,8447,1,0,1,16,
29,.L20,460,460,8447,.L22,463,463,8510,False,end,8510,3,0,3,48,
30,sha_init,463,463,8751,bx->lr,498,498,9442,False,end,end\error,35,0,35,560,
31,sha_update,498,498,9595,bcs->.L25,513,513,9929,False,33,10028,15,0,15,240,
32,bcs->.L25,513,513,9929,.L25,518,518,10028,False,33,10028,5,0,5,80,
33,.L25,518,518,10028,b->.L26,533,533,10291,False,38,10635,15,0,15,240,
34,.L27,533,533,10297,bl->memcpy(PLT),539,539,10394,False,end,end\error,6,0,6,96,
40,bl->memcpy(PLT),561,539,10777,sha_final,565,543,10993,False,41,10993,4,0,4,64,
49,bl->byte_reverse(PLT),627,543,12119,bl->sha_transform(PLT),635,551,12272,False,end,end\error,8,0,8,128,
50,bl->sha_transform(PLT),635,551,12272,sha_stream,639,555,12489,False,51,12489,4,0,4,64,
38,.L26,552,555,10635,bgt->.L27,555,558,10676,False,34,10297,3,0,3,48,
39,bgt->.L27,555,558,10676,bl->memcpy(PLT),561,564,10777,False,end,end\error,6,0,6,96,
41,sha_final,565,564,10993,ble->.L29,590,589,11503,True,47,11881,25,0,25,400,
42,ble->.L29,590,589,11503,bl->memset(PLT),599,598,11651,False,end,end\error,9,0,9,144,
47,.L29,613,598,11881,bl->memset(PLT),622,607,12029,False,end,end\error,9,0,9,144,
48,.L30,622,607,12035,bl->byte_reverse(PLT),627,612,12119,False,end,end\error,5,0,5,80,
51,sha_stream,639,612,12489,.LPIC2,650,623,12764,False,52,12764,11,0,11,176,
52,.LPIC2,650,623,12764,bl->sha_init(PLT),661,634,12941,False,end,end\error,11,0,11,176,
53,bl->sha_init(PLT),661,634,12941,b->.L32,662,635,12949,False,55,13112,1,0,1,16,
54,.L33,662,635,12955,bl->sha_update(PLT),671,644,13106,False,end,end\error,9,0,9,144,
55,.L32,671,644,13112,bl->fread(PLT),679,652,13238,False,end,end\error,8,0,8,128,
56,bl->fread(PLT),679,652,13238,bgt->.L33,688,661,13368,False,54,12955,9,0,9,144,
57,bgt->.L33,688,661,13368,bl->sha_final(PLT),692,665,13436,False,end,end\error,4,0,4,64,
58,bl->sha_final(PLT),692,665,13436,beq->.L34,701,674,13561,True,60,13593,9,0,9,144,
59,beq->.L34,701,674,13561,.L34,702,675,13593,False,60,13593,1,0,1,16,
60,.L34,702,675,13593,.L36,706,679,13679,False,end,13679,4,0,4,64,
61,sha_print,706,679,14008,.LPIC3,725,698,14415,False,62,14415,19,0,19,304,
62,.LPIC3,725,698,14415,.L39,731,704,14515,False,end,14515,6,0,6,96,
num,startBy,start_row,strart_row_op,start_location,endBy,end_row,end_row_op,end_location,have_con_branch?,next1,next1_location,num_of_asm_rows,long,rows_to_mul,size
1,sha_transform,1,1,378,.LPIC0,7,7,567,False,2,567,6,0,6,96,
2,.LPIC0,7,7,567,b->.L2,16,16,697,False,4,986,9,0,9,144,
3.1,.L3,16,16,702,.L2,25,25,848,False,4,986,9,0,9,144,
4,.L2,33,33,986,ble->.L3,37,37,1038,True,3,702,4,0,4,64,
5,ble->.L3,37,37,1038,b->.L4,41,41,1089,False,7,1658,4,0,4,64,
6.1,.L5,41,41,1094,.L4,57,57,1380,False,7,1658,16,0,16,256,
7,.L4,73,73,1658,ble->.L5,77,77,1710,True,6,1094,4,0,4,64,
8.1,ble->.L5,77,77,1710,b->.L6,92,92,1946,False,10,3040,15,0,15,240,
9.1,.L7,106,106,2163,.L6,120,120,2382,False,10,3040,14,0,14,224,
10,.L6,161,161,3040,ble->.L7,165,165,3092,True,9,2163,4,0,4,64,
11,ble->.L7,165,165,3092,b->.L8,169,169,3143,False,13,3964,4,0,4,64,
12.1,.L9,169,169,3148,.L8,182,182,3356,False,13,3964,13,0,13,208,
13,.L8,220,220,3964,ble->.L9,224,224,4016,True,12,3148,4,0,4,64,
14,ble->.L9,224,224,4016,b->.L10,228,228,4068,False,16,4987,4,0,4,64,
15.1,.L11,228,228,4074,.L10,243,243,4311,False,16,4987,15,0,15,240,
16,.L10,285,285,4987,ble->.L11,289,289,5040,True,15,4074,4,0,4,64,
17,ble->.L11,289,289,5040,b->.L12,293,293,5092,False,19,5915,4,0,4,64,
18.1,.L13,293,293,5098,.L12,306,306,5306,False,19,5915,13,0,13,208,
19,.L12,344,344,5915,ble->.L13,348,348,5968,True,18,5098,4,0,4,64,
20.1,ble->.L13,348,348,5968,beq->.L14,361,361,6171,True,22,6816,13,0,13,208,
21,beq->.L14,400,400,6784,.L14,401,401,6816,False,22,6816,1,0,1,16,
22,.L14,401,401,6816,.L16,404,404,6883,False,end,6883,3,0,3,48,
23,byte_reverse,404,404,7116,.LPIC1,410,410,7300,False,24,7300,6,0,6,96,
24,.LPIC1,410,410,7300,b->.L18,423,423,7500,False,26,8267,13,0,13,208,
25.1,.L19,423,423,7506,.L18,436,436,7849,False,26,8267,13,0,13,208,
26,.L18,448,448,8267,blt->.L19,452,452,8321,False,25,7506,4,0,4,64,
27,blt->.L19,452,452,8321,beq->.L20,459,459,8415,True,29,8447,7,0,7,112,
28,beq->.L20,459,459,8415,.L20,460,460,8447,False,29,8447,1,0,1,16,
29,.L20,460,460,8447,.L22,463,463,8510,False,end,8510,3,0,3,48,
30.1,sha_init,463,463,8751,bx->lr,475,475,9010,False,end,end\error,12,0,12,192,
31,sha_update,498,498,9595,bcs->.L25,513,513,9929,False,33,10028,15,0,15,240,
32,bcs->.L25,513,513,9929,.L25,518,518,10028,False,33,10028,5,0,5,80,
33,.L25,518,518,10028,b->.L26,533,533,10291,False,38,10635,15,0,15,240,
34,.L27,533,533,10297,bl->memcpy(PLT),539,539,10394,False,end,end\error,6,0,6,96,
40,bl->memcpy(PLT),561,539,10777,sha_final,565,543,10993,False,41,10993,4,0,4,64,
49,bl->byte_reverse(PLT),627,543,12119,bl->sha_transform(PLT),635,551,12272,False,end,end\error,8,0,8,128,
50,bl->sha_transform(PLT),635,551,12272,sha_stream,639,555,12489,False,51,12489,4,0,4,64,
38,.L26,552,555,10635,bgt->.L27,555,558,10676,False,34,10297,3,0,3,48,
39,bgt->.L27,555,558,10676,bl->memcpy(PLT),561,564,10777,False,end,end\error,6,0,6,96,
41.1,sha_final,565,564,10993,ble->.L29,578,577,11272,True,47,11881,13,0,13,208,
42,ble->.L29,590,589,11503,bl->memset(PLT),599,598,11651,False,end,end\error,9,0,9,144,
47,.L29,613,598,11881,bl->memset(PLT),622,607,12029,False,end,end\error,9,0,9,144,
48,.L30,622,607,12035,bl->byte_reverse(PLT),627,612,12119,False,end,end\error,5,0,5,80,
51,sha_stream,639,612,12489,.LPIC2,650,623,12764,False,52,12764,11,0,11,176,
52,.LPIC2,650,623,12764,bl->sha_init(PLT),661,634,12941,False,end,end\error,11,0,11,176,
53,bl->sha_init(PLT),661,634,12941,b->.L32,662,635,12949,False,55,13112,1,0,1,16,
54,.L33,662,635,12955,bl->sha_update(PLT),671,644,13106,False,end,end\error,9,0,9,144,
55,.L32,671,644,13112,bl->fread(PLT),679,652,13238,False,end,end\error,8,0,8,128,
56,bl->fread(PLT),679,652,13238,bgt->.L33,688,661,13368,False,54,12955,9,0,9,144,
57,bgt->.L33,688,661,13368,bl->sha_final(PLT),692,665,13436,False,end,end\error,4,0,4,64,
58,bl->sha_final(PLT),692,665,13436,beq->.L34,701,674,13561,True,60,13593,9,0,9,144,
59,beq->.L34,701,674,13561,.L34,702,675,13593,False,60,13593,1,0,1,16,
60,.L34,702,675,13593,.L36,706,679,13679,False,end,13679,4,0,4,64,
61.1,sha_print,706,679,14008,.LPIC3,716,689,14227,False,62,14415,10,0,10,160,
62,.LPIC3,725,698,14415,.L39,731,704,14515,False,end,14515,6,0,6,96,
3.2, ,25,25,848, ,33,33,981,False,0,0,8,0,8,128,
6.199999999999999, ,57,57,1380, ,73,73,1653,False,0,0,16,0,16,256,
8.2, ,92,92,1946, ,106,106,2158,False,0,0,14,0,14,224,
9.2, ,120,120,2382, ,134,134,2618,False,0,0,14,0,14,224,
9.299999999999999, ,134,134,2618, ,148,148,2834,False,0,0,14,0,14,224,
9.399999999999999, ,148,148,2834, ,161,161,3035,False,0,0,13,0,13,208,
12.2, ,182,182,3356, ,195,195,3573,False,0,0,13,0,13,208,
12.299999999999999, ,195,195,3573, ,208,208,3775,False,0,0,13,0,13,208,
12.399999999999999, ,208,208,3775, ,220,220,3959,False,0,0,12,0,12,192,
15.2, ,243,243,4311, ,258,258,4564,False,0,0,15,0,15,240,
15.299999999999999, ,258,258,4564, ,273,273,4797,False,0,0,15,0,15,240,
15.399999999999999, ,273,273,4797, ,285,285,4981,False,0,0,12,0,12,192,
18.200000000000003, ,306,306,5306, ,319,319,5523,False,0,0,13,0,13,208,
18.300000000000004, ,319,319,5523, ,332,332,5725,False,0,0,13,0,13,208,
18.400000000000006, ,332,332,5725, ,344,344,5909,False,0,0,12,0,12,192,
20.200000000000003, ,361,361,6171, ,374,374,6377,False,0,0,13,0,13,208,
20.300000000000004, ,374,374,6377, ,387,387,6592,False,0,0,13,0,13,208,
20.400000000000006, ,387,387,6592, ,400,400,6784,False,0,0,13,0,13,208,
25.200000000000003, ,436,436,7849, ,448,448,8099,False,0,0,12,0,12,192,
30.200000000000003, ,475,475,9010, ,487,487,9217,False,0,0,12,0,12,192,
30.300000000000004, ,487,487,9217, ,498,498,9392,False,0,0,11,0,11,176,
41.2, ,578,577,11272, ,590,589,11480,False,0,0,12,0,12,192,
61.2, ,716,689,14227, ,725,698,14381,False,0,0,9,0,9,144,
num,startBy,start_row,strart_row_op,start_location,endBy,end_row,end_row_op,end_location,have_con_branch?,next1,next1_location,num_of_asm_rows,long,rows_to_mul,size
1,sha_transform,1,1,378,.LPIC0,7,7,567,False,2,567,6,0,6,96,
2,.LPIC0,7,7,567,b->.L2,16,16,697,False,4,986,9,0,9,144,
3,.L3,16,16,702,.L2,33,33,986,False,4,986,17,0,17,272,
4,.L2,33,33,986,ble->.L3,37,37,1038,True,3,702,4,0,4,64,
5,ble->.L3,37,37,1038,b->.L4,41,41,1089,False,7,1658,4,0,4,64,
6,.L5,41,41,1094,.L4,73,73,1658,False,7,1658,32,0,32,512,
7,.L4,73,73,1658,ble->.L5,77,77,1710,True,6,1094,4,0,4,64,
8,ble->.L5,77,77,1710,b->.L6,106,106,2158,False,10,3040,29,0,29,464,
9,.L7,106,106,2163,.L6,161,161,3040,False,10,3040,55,0,55,880,
10,.L6,161,161,3040,ble->.L7,165,165,3092,True,9,2163,4,0,4,64,
11,ble->.L7,165,165,3092,b->.L8,169,169,3143,False,13,3964,4,0,4,64,
12,.L9,169,169,3148,.L8,220,220,3964,False,13,3964,51,0,51,816,
13,.L8,220,220,3964,ble->.L9,224,224,4016,True,12,3148,4,0,4,64,
14,ble->.L9,224,224,4016,b->.L10,228,228,4068,False,16,4987,4,0,4,64,
15,.L11,228,228,4074,.L10,285,285,4987,False,16,4987,57,0,57,912,
16,.L10,285,285,4987,ble->.L11,289,289,5040,True,15,4074,4,0,4,64,
17,ble->.L11,289,289,5040,b->.L12,293,293,5092,False,19,5915,4,0,4,64,
18,.L13,293,293,5098,.L12,344,344,5915,False,19,5915,51,0,51,816,
19,.L12,344,344,5915,ble->.L13,348,348,5968,True,18,5098,4,0,4,64,
20,ble->.L13,348,348,5968,beq->.L14,400,400,6784,True,22,6816,52,0,52,832,
21,beq->.L14,400,400,6784,.L14,401,401,6816,False,22,6816,1,0,1,16,
22,.L14,401,401,6816,.L16,404,404,6883,False,end,6883,3,0,3,48,
23,byte_reverse,404,404,7116,.LPIC1,410,410,7300,False,24,7300,6,0,6,96,
24,.LPIC1,410,410,7300,b->.L18,423,423,7500,False,26,8267,13,0,13,208,
25,.L19,423,423,7506,.L18,448,448,8267,False,26,8267,25,0,25,400,
26,.L18,448,448,8267,blt->.L19,452,452,8321,False,25,7506,4,0,4,64,
27,blt->.L19,452,452,8321,beq->.L20,459,459,8415,True,29,8447,7,0,7,112,
28,beq->.L20,459,459,8415,.L20,460,460,8447,False,29,8447,1,0,1,16,
29,.L20,460,460,8447,.L22,463,463,8510,False,end,8510,3,0,3,48,
30,sha_init,463,463,8751,bx->lr,498,498,9442,False,end,end\error,35,0,35,560,
31,sha_update,498,498,9595,bcs->.L25,513,513,9929,False,33,10028,15,0,15,240,
32,bcs->.L25,513,513,9929,.L25,518,518,10028,False,33,10028,5,0,5,80,
33,.L25,518,518,10028,b->.L26,533,533,10291,False,38,10635,15,0,15,240,
34,.L27,533,533,10297,bl->memcpy(PLT),539,539,10394,False,end,end\error,6,0,6,96,
40,bl->memcpy(PLT),561,539,10777,sha_final,565,543,10993,False,41,10993,4,0,4,64,
49,bl->byte_reverse(PLT),627,543,12119,bl->sha_transform(PLT),635,551,12272,False,end,end\error,8,0,8,128,
50,bl->sha_transform(PLT),635,551,12272,sha_stream,639,555,12489,False,51,12489,4,0,4,64,
38,.L26,552,555,10635,bgt->.L27,555,558,10676,False,34,10297,3,0,3,48,
39,bgt->.L27,555,558,10676,bl->memcpy(PLT),561,564,10777,False,end,end\error,6,0,6,96,
41,sha_final,565,564,10993,ble->.L29,590,589,11503,True,47,11881,25,0,25,400,
42,ble->.L29,590,589,11503,bl->memset(PLT),599,598,11651,False,end,end\error,9,0,9,144,
47,.L29,613,598,11881,bl->memset(PLT),622,607,12029,False,end,end\error,9,0,9,144,
48,.L30,622,607,12035,bl->byte_reverse(PLT),627,612,12119,False,end,end\error,5,0,5,80,
51,sha_stream,639,612,12489,.LPIC2,650,623,12764,False,52,12764,11,0,11,176,
52,.LPIC2,650,623,12764,bl->sha_init(PLT),661,634,12941,False,end,end\error,11,0,11,176,
53,bl->sha_init(PLT),661,634,12941,b->.L32,662,635,12949,False,55,13112,1,0,1,16,
54,.L33,662,635,12955,bl->sha_update(PLT),671,644,13106,False,end,end\error,9,0,9,144,
55,.L32,671,644,13112,bl->fread(PLT),679,652,13238,False,end,end\error,8,0,8,128,
56,bl->fread(PLT),679,652,13238,bgt->.L33,688,661,13368,False,54,12955,9,0,9,144,
57,bgt->.L33,688,661,13368,bl->sha_final(PLT),692,665,13436,False,end,end\error,4,0,4,64,
58,bl->sha_final(PLT),692,665,13436,beq->.L34,701,674,13561,True,60,13593,9,0,9,144,
59,beq->.L34,701,674,13561,.L34,702,675,13593,False,60,13593,1,0,1,16,
60,.L34,702,675,13593,.L36,706,679,13679,False,end,13679,4,0,4,64,
61,sha_print,706,679,14008,.LPIC3,725,698,14415,False,62,14415,19,0,19,304,
62,.LPIC3,725,698,14415,.L39,731,704,14515,False,end,14515,6,0,6,96,
num,startBy,start_row,strart_row_op,start_location,endBy,end_row,end_row_op,end_location,have_con_branch?,next1,next1_location,num_of_asm_rows,long,rows_to_mul,size
1,sha_transform,1,1,378,.LPIC0,7,7,567,False,2,567,6,0,6,96,
2,.LPIC0,7,7,567,b->.L2,16,16,697,False,4,986,9,0,9,144,
3.1,.L3,16,16,702,.L2,25,25,848,False,4,986,9,0,9,144,
4,.L2,33,33,986,ble->.L3,37,37,1038,True,3,702,4,0,4,64,
5,ble->.L3,37,37,1038,b->.L4,41,41,1089,False,7,1658,4,0,4,64,
6.1,.L5,41,41,1094,.L4,57,57,1380,False,7,1658,16,0,16,256,
7,.L4,73,73,1658,ble->.L5,77,77,1710,True,6,1094,4,0,4,64,
8.1,ble->.L5,77,77,1710,b->.L6,92,92,1946,False,10,3040,15,0,15,240,
9.1,.L7,106,106,2163,.L6,120,120,2382,False,10,3040,14,0,14,224,
10,.L6,161,161,3040,ble->.L7,165,165,3092,True,9,2163,4,0,4,64,
11,ble->.L7,165,165,3092,b->.L8,169,169,3143,False,13,3964,4,0,4,64,
12.1,.L9,169,169,3148,.L8,182,182,3356,False,13,3964,13,0,13,208,
13,.L8,220,220,3964,ble->.L9,224,224,4016,True,12,3148,4,0,4,64,
14,ble->.L9,224,224,4016,b->.L10,228,228,4068,False,16,4987,4,0,4,64,
15.1,.L11,228,228,4074,.L10,243,243,4311,False,16,4987,15,0,15,240,
16,.L10,285,285,4987,ble->.L11,289,289,5040,True,15,4074,4,0,4,64,
17,ble->.L11,289,289,5040,b->.L12,293,293,5092,False,19,5915,4,0,4,64,
18.1,.L13,293,293,5098,.L12,306,306,5306,False,19,5915,13,0,13,208,
19,.L12,344,344,5915,ble->.L13,348,348,5968,True,18,5098,4,0,4,64,
20.1,ble->.L13,348,348,5968,beq->.L14,361,361,6171,True,22,6816,13,0,13,208,
21,beq->.L14,400,400,6784,.L14,401,401,6816,False,22,6816,1,0,1,16,
22,.L14,401,401,6816,.L16,404,404,6883,False,end,6883,3,0,3,48,
23,byte_reverse,404,404,7116,.LPIC1,410,410,7300,False,24,7300,6,0,6,96,
24,.LPIC1,410,410,7300,b->.L18,423,423,7500,False,26,8267,13,0,13,208,
25.1,.L19,423,423,7506,.L18,436,436,7849,False,26,8267,13,0,13,208,
26,.L18,448,448,8267,blt->.L19,452,452,8321,False,25,7506,4,0,4,64,
27,blt->.L19,452,452,8321,beq->.L20,459,459,8415,True,29,8447,7,0,7,112,
28,beq->.L20,459,459,8415,.L20,460,460,8447,False,29,8447,1,0,1,16,
29,.L20,460,460,8447,.L22,463,463,8510,False,end,8510,3,0,3,48,
30.1,sha_init,463,463,8751,bx->lr,475,475,9010,False,end,end\error,12,0,12,192,
31,sha_update,498,498,9595,bcs->.L25,513,513,9929,False,33,10028,15,0,15,240,
32,bcs->.L25,513,513,9929,.L25,518,518,10028,False,33,10028,5,0,5,80,
33,.L25,518,518,10028,b->.L26,533,533,10291,False,38,10635,15,0,15,240,
34,.L27,533,533,10297,bl->memcpy(PLT),539,539,10394,False,end,end\error,6,0,6,96,
40,bl->memcpy(PLT),561,539,10777,sha_final,565,543,10993,False,41,10993,4,0,4,64,
49,bl->byte_reverse(PLT),627,543,12119,bl->sha_transform(PLT),635,551,12272,False,end,end\error,8,0,8,128,
50,bl->sha_transform(PLT),635,551,12272,sha_stream,639,555,12489,False,51,12489,4,0,4,64,
38,.L26,552,555,10635,bgt->.L27,555,558,10676,False,34,10297,3,0,3,48,
39,bgt->.L27,555,558,10676,bl->memcpy(PLT),561,564,10777,False,end,end\error,6,0,6,96,
41.1,sha_final,565,564,10993,ble->.L29,578,577,11272,True,47,11881,13,0,13,208,
42,ble->.L29,590,589,11503,bl->memset(PLT),599,598,11651,False,end,end\error,9,0,9,144,
47,.L29,613,598,11881,bl->memset(PLT),622,607,12029,False,end,end\error,9,0,9,144,
48,.L30,622,607,12035,bl->byte_reverse(PLT),627,612,12119,False,end,end\error,5,0,5,80,
51,sha_stream,639,612,12489,.LPIC2,650,623,12764,False,52,12764,11,0,11,176,
52,.LPIC2,650,623,12764,bl->sha_init(PLT),661,634,12941,False,end,end\error,11,0,11,176,
53,bl->sha_init(PLT),661,634,12941,b->.L32,662,635,12949,False,55,13112,1,0,1,16,
54,.L33,662,635,12955,bl->sha_update(PLT),671,644,13106,False,end,end\error,9,0,9,144,
55,.L32,671,644,13112,bl->fread(PLT),679,652,13238,False,end,end\error,8,0,8,128,
56,bl->fread(PLT),679,652,13238,bgt->.L33,688,661,13368,False,54,12955,9,0,9,144,
57,bgt->.L33,688,661,13368,bl->sha_final(PLT),692,665,13436,False,end,end\error,4,0,4,64,
58,bl->sha_final(PLT),692,665,13436,beq->.L34,701,674,13561,True,60,13593,9,0,9,144,
59,beq->.L34,701,674,13561,.L34,702,675,13593,False,60,13593,1,0,1,16,
60,.L34,702,675,13593,.L36,706,679,13679,False,end,13679,4,0,4,64,
61.1,sha_print,706,679,14008,.LPIC3,716,689,14227,False,62,14415,10,0,10,160,
62,.LPIC3,725,698,14415,.L39,731,704,14515,False,end,14515,6,0,6,96,
3.2, ,25,25,848, ,33,33,981,False,0,0,8,0,8,128,
6.199999999999999, ,57,57,1380, ,73,73,1653,False,0,0,16,0,16,256,
8.2, ,92,92,1946, ,106,106,2158,False,0,0,14,0,14,224,
9.2, ,120,120,2382, ,134,134,2618,False,0,0,14,0,14,224,
9.299999999999999, ,134,134,2618, ,148,148,2834,False,0,0,14,0,14,224,
9.399999999999999, ,148,148,2834, ,161,161,3035,False,0,0,13,0,13,208,
12.2, ,182,182,3356, ,195,195,3573,False,0,0,13,0,13,208,
12.299999999999999, ,195,195,3573, ,208,208,3775,False,0,0,13,0,13,208,
12.399999999999999, ,208,208,3775, ,220,220,3959,False,0,0,12,0,12,192,
15.2, ,243,243,4311, ,258,258,4564,False,0,0,15,0,15,240,
15.299999999999999, ,258,258,4564, ,273,273,4797,False,0,0,15,0,15,240,
15.399999999999999, ,273,273,4797, ,285,285,4981,False,0,0,12,0,12,192,
18.200000000000003, ,306,306,5306, ,319,319,5523,False,0,0,13,0,13,208,
18.300000000000004, ,319,319,5523, ,332,332,5725,False,0,0,13,0,13,208,
18.400000000000006, ,332,332,5725, ,344,344,5909,False,0,0,12,0,12,192,
20.200000000000003, ,361,361,6171, ,374,374,6377,False,0,0,13,0,13,208,
20.300000000000004, ,374,374,6377, ,387,387,6592,False,0,0,13,0,13,208,
20.400000000000006, ,387,387,6592, ,400,400,6784,False,0,0,13,0,13,208,
25.200000000000003, ,436,436,7849, ,448,448,8099,False,0,0,12,0,12,192,
30.200000000000003, ,475,475,9010, ,487,487,9217,False,0,0,12,0,12,192,
30.300000000000004, ,487,487,9217, ,498,498,9392,False,0,0,11,0,11,176,
41.2, ,578,577,11272, ,590,589,11480,False,0,0,12,0,12,192,
61.2, ,716,689,14227, ,725,698,14381,False,0,0,9,0,9,144,
